dossier_id,label,anomalie_type,anomalie_niveau,document_affecte,champ_affecte,valeur_correcte,valeur_alteree,nb_documents
dossier_00001,ANOMALIE,alteration_siret,1,facture,siret_fournisseur,88747463313899,19329473850594,3
dossier_00002,OK,,,,,,,3
dossier_00003,OK,,,,,,,3
dossier_00004,OK,,,,,,,3
dossier_00005,OK,,,,,,,3
dossier_00006,ANOMALIE,discordance_dates,2,facture,date_emission,17/03/2026,07/03/2026,3
dossier_00007,OK,,,,,,,3
dossier_00008,OK,,,,,,,3
dossier_00009,OK,,,,,,,3
dossier_00010,OK,,,,,,,3
dossier_00011,OK,,,,,,,3
dossier_00012,OK,,,,,,,3
dossier_00013,ANOMALIE,alteration_siret,3,bon_commande,siret_fournisseur,04269765511161,04269665511161,3
dossier_00014,ANOMALIE,erreur_tva,2,facture,tva_calcul,481.26,433.13,3
dossier_00015,OK,,,,,,,3
dossier_00016,OK,,,,,,,3
dossier_00017,OK,,,,,,,3
dossier_00018,OK,,,,,,,3
dossier_00019,OK,,,,,,,3
dossier_00020,ANOMALIE,erreur_tva,2,facture,tva_calcul,598.15,538.34,3
dossier_00021,OK,,,,,,,3
dossier_00022,OK,,,,,,,3
dossier_00023,ANOMALIE,alteration_siret,1,bon_commande,siret_fournisseur,31023119047903,04555284112852,3
dossier_00024,ANOMALIE,erreur_tva,1,facture,tva_calcul,305.74,152.87,3
dossier_00025,OK,,,,,,,3
dossier_00026,OK,,,,,,,3
dossier_00027,ANOMALIE,alteration_siret,3,facture,siret_fournisseur,29648088836413,29648088836433,3
dossier_00028,OK,,,,,,,3
dossier_00029,OK,,,,,,,3
dossier_00030,OK,,,,,,,3
dossier_00031,OK,,,,,,,3
dossier_00032,ANOMALIE,alteration_iban,1,bon_commande,iban,FR4481266497256646340155390,FR1616774066117637967828394,3
dossier_00033,OK,,,,,,,3
dossier_00034,OK,,,,,,,3
dossier_00035,OK,,,,,,,3
dossier_00036,ANOMALIE,erreur_tva,3,facture,tva_calcul,703.49,703.48,3
dossier_00037,OK,,,,,,,3
dossier_00038,OK,,,,,,,3
dossier_00039,OK,,,,,,,3
dossier_00040,OK,,,,,,,3
dossier_00041,OK,,,,,,,3
dossier_00042,OK,,,,,,,3
dossier_00043,OK,,,,,,,3
dossier_00044,OK,,,,,,,3
dossier_00045,OK,,,,,,,3
dossier_00046,OK,,,,,,,3
dossier_00047,OK,,,,,,,3
dossier_00048,OK,,,,,,,3
dossier_00049,OK,,,,,,,3
dossier_00050,OK,,,,,,,3
dossier_00051,OK,,,,,,,3
dossier_00052,ANOMALIE,alteration_iban,2,bon_commande,iban,FR1541179496069145347845778,FR1541179696069145347885778,3
dossier_00053,OK,,,,,,,3
dossier_00054,OK,,,,,,,3
dossier_00055,OK,,,,,,,3
dossier_00056,ANOMALIE,alteration_montant_ttc,1,facture,montant_ttc,6121.13,7345.36,3
dossier_00057,OK,,,,,,,3
dossier_00058,ANOMALIE,alteration_montant_ttc,2,facture,montant_ttc,2720.76,2775.18,3
dossier_00059,ANOMALIE,alteration_siret,3,facture,siret_fournisseur,85883935677063,85888935677063,3
dossier_00060,ANOMALIE,erreur_tva,2,facture,tva_calcul,1003.28,902.95,3
dossier_00061,OK,,,,,,,3
dossier_00062,ANOMALIE,discordance_dates,2,facture,date_emission,17/03/2026,07/03/2026,3
dossier_00063,OK,,,,,,,3
dossier_00064,ANOMALIE,alteration_montant_ttc,2,facture,montant_ttc,4970.34,5069.75,3
dossier_00065,OK,,,,,,,3
dossier_00066,OK,,,,,,,3
dossier_00067,OK,,,,,,,3
dossier_00068,ANOMALIE,alteration_montant_ttc,2,facture,montant_ttc,4999.21,5099.19,3
dossier_00069,ANOMALIE,alteration_montant_ttc,2,facture,montant_ttc,1532.76,1563.42,3
dossier_00070,ANOMALIE,alteration_siret,1,facture,siret_fournisseur,31345469432741,47195970551747,3
dossier_00071,ANOMALIE,alteration_montant_ttc,1,facture,montant_ttc,4562.48,5474.98,3
dossier_00072,OK,,,,,,,3
dossier_00073,ANOMALIE,alteration_iban,2,bon_commande,iban,FR8605653963245819350851648,FR8605653963255819390851648,3
dossier_00074,OK,,,,,,,3
dossier_00075,OK,,,,,,,3
dossier_00076,ANOMALIE,alteration_siret,1,facture,siret_fournisseur,11624405453819,87205019236614,3
dossier_00077,OK,,,,,,,3
dossier_00078,ANOMALIE,erreur_tva,1,facture,tva_calcul,657.25,328.62,3
dossier_00079,OK,,,,,,,3
dossier_00080,OK,,,,,,,3
dossier_00081,OK,,,,,,,3
dossier_00082,OK,,,,,,,3
dossier_00083,ANOMALIE,discordance_dates,3,facture,date_emission,17/03/2026,07/03/2026,3
dossier_00084,OK,,,,,,,3
dossier_00085,OK,,,,,,,3
dossier_00086,ANOMALIE,discordance_dates,3,facture,date_emission,17/03/2026,07/03/2026,3
dossier_00087,ANOMALIE,alteration_siret,3,bon_commande,siret_fournisseur,37793656177756,37797656177756,3
dossier_00088,OK,,,,,,,3
dossier_00089,ANOMALIE,discordance_dates,3,facture,date_emission,17/03/2026,07/03/2026,3
dossier_00090,OK,,,,,,,3
dossier_00091,OK,,,,,,,3
dossier_00092,OK,,,,,,,3
dossier_00093,ANOMALIE,discordance_dates,1,bon_commande,date_signature,22/03/2026,07/03/2026,3
dossier_00094,ANOMALIE,alteration_iban,1,facture,iban,FR6751541478919250878937842,FR5752590751877976778141587,3
dossier_00095,OK,,,,,,,3
dossier_00096,ANOMALIE,alteration_iban,2,bon_commande,iban,FR5237722813386984680275407,FR5037722813387984680275407,3
dossier_00097,OK,,,,,,,3
dossier_00098,OK,,,,,,,3
dossier_00099,ANOMALIE,erreur_tva,2,facture,tva_calcul,732.94,659.65,3
dossier_00100,OK,,,,,,,3
dossier_00101,OK,,,,,,,3
dossier_00102,OK,,,,,,,3
dossier_00103,ANOMALIE,alteration_iban,1,facture,iban,FR9780537655128116017719822,FR9600370442179330075529255,3
dossier_00104,OK,,,,,,,3
dossier_00105,OK,,,,,,,3
dossier_00106,ANOMALIE,erreur_tva,1,facture,tva_calcul,1026.77,513.38,3
dossier_00107,ANOMALIE,alteration_montant_ttc,2,facture,montant_ttc,2795.45,2851.36,3
dossier_00108,OK,,,,,,,3
dossier_00109,ANOMALIE,alteration_montant_ttc,3,facture,montant_ttc,6255.41,6255.42,3
dossier_00110,OK,,,,,,,3
dossier_00111,ANOMALIE,alteration_montant_ttc,2,facture,montant_ttc,4911.28,5009.51,3
dossier_00112,ANOMALIE,alteration_siret,3,facture,siret_fournisseur,57347613741548,57347616741548,3
dossier_00113,OK,,,,,,,3
dossier_00114,OK,,,,,,,3
dossier_00115,OK,,,,,,,3
dossier_00116,OK,,,,,,,3
dossier_00117,OK,,,,,,,3
dossier_00118,OK,,,,,,,3
dossier_00119,OK,,,,,,,3
dossier_00120,OK,,,,,,,3
dossier_00121,ANOMALIE,alteration_montant_ttc,1,facture,montant_ttc,3574.01,4288.81,3
dossier_00122,OK,,,,,,,3
dossier_00123,ANOMALIE,discordance_dates,2,facture,date_emission,17/03/2026,07/03/2026,3
dossier_00124,OK,,,,,,,3
dossier_00125,OK,,,,,,,3
dossier_00126,ANOMALIE,alteration_montant_ttc,2,facture,montant_ttc,988.76,1008.54,3
dossier_00127,OK,,,,,,,3
dossier_00128,ANOMALIE,alteration_siret,1,facture,siret_fournisseur,35522785519765,49747508179141,3
dossier_00129,ANOMALIE,alteration_iban,1,bon_commande,iban,FR5045091020364645894937149,FR2553106566446129088331384,3
dossier_00130,ANOMALIE,erreur_tva,3,facture,tva_calcul,711.23,711.22,3
dossier_00131,ANOMALIE,erreur_tva,1,facture,tva_calcul,724.33,362.17,3
dossier_00132,ANOMALIE,erreur_tva,1,facture,tva_calcul,589.35,294.68,3
dossier_00133,OK,,,,,,,3
dossier_00134,OK,,,,,,,3
dossier_00135,OK,,,,,,,3
dossier_00136,OK,,,,,,,3
dossier_00137,OK,,,,,,,3
dossier_00138,ANOMALIE,erreur_tva,1,facture,tva_calcul,169.49,84.75,3
dossier_00139,OK,,,,,,,3
dossier_00140,OK,,,,,,,3
dossier_00141,OK,,,,,,,3
dossier_00142,ANOMALIE,discordance_dates,2,facture,date_emission,17/03/2026,07/03/2026,3
dossier_00143,ANOMALIE,discordance_dates,2,bon_commande,date_signature,22/03/2026,07/03/2026,3
dossier_00144,ANOMALIE,alteration_siret,1,facture,siret_fournisseur,99113206505007,38082627623689,3
dossier_00145,OK,,,,,,,3
dossier_00146,ANOMALIE,alteration_siret,3,bon_commande,siret_fournisseur,11675474265369,11675474465369,3
dossier_00147,OK,,,,,,,3
dossier_00148,OK,,,,,,,3
dossier_00149,ANOMALIE,alteration_siret,2,bon_commande,siret_fournisseur,48011865922747,48011865923147,3
dossier_00150,OK,,,,,,,3
dossier_00151,ANOMALIE,discordance_dates,3,bon_commande,date_signature,22/03/2026,07/03/2026,3
dossier_00152,OK,,,,,,,3
dossier_00153,ANOMALIE,alteration_montant_ttc,2,facture,montant_ttc,6786.35,6922.08,3
dossier_00154,OK,,,,,,,3
dossier_00155,ANOMALIE,erreur_tva,2,facture,tva_calcul,775.47,697.92,3
dossier_00156,ANOMALIE,discordance_dates,1,bon_commande,date_signature,22/03/2026,07/03/2026,3
dossier_00157,OK,,,,,,,3
dossier_00158,OK,,,,,,,3
dossier_00159,OK,,,,,,,3
dossier_00160,OK,,,,,,,3
dossier_00161,OK,,,,,,,3
dossier_00162,ANOMALIE,alteration_siret,3,facture,siret_fournisseur,74255391190546,74255321190546,3
dossier_00163,ANOMALIE,alteration_iban,1,facture,iban,FR0803396350068809446756552,FR5804434547047940908835706,3
dossier_00164,OK,,,,,,,3
dossier_00165,ANOMALIE,alteration_montant_ttc,1,facture,montant_ttc,1911.85,2294.22,3
dossier_00166,OK,,,,,,,3
dossier_00167,OK,,,,,,,3
dossier_00168,ANOMALIE,alteration_montant_ttc,3,facture,montant_ttc,1100.95,1100.96,3
dossier_00169,ANOMALIE,discordance_dates,3,facture,date_emission,17/03/2026,07/03/2026,3
dossier_00170,OK,,,,,,,3
dossier_00171,OK,,,,,,,3
dossier_00172,OK,,,,,,,3
dossier_00173,OK,,,,,,,3
dossier_00174,ANOMALIE,erreur_tva,1,facture,tva_calcul,196.36,98.18,3
dossier_00175,ANOMALIE,discordance_dates,1,bon_commande,date_signature,22/03/2026,07/03/2026,3
dossier_00176,OK,,,,,,,3
dossier_00177,ANOMALIE,erreur_tva,1,facture,tva_calcul,572.59,286.30,3
dossier_00178,OK,,,,,,,3
dossier_00179,OK,,,,,,,3
dossier_00180,ANOMALIE,alteration_montant_ttc,2,facture,montant_ttc,565.85,577.17,3
dossier_00181,OK,,,,,,,3
dossier_00182,ANOMALIE,alteration_siret,3,bon_commande,siret_fournisseur,85446508285345,85446508285342,3
dossier_00183,ANOMALIE,alteration_montant_ttc,2,facture,montant_ttc,905.64,923.75,3
dossier_00184,OK,,,,,,,3
dossier_00185,OK,,,,,,,3
dossier_00186,OK,,,,,,,3
dossier_00187,OK,,,,,,,3
dossier_00188,OK,,,,,,,3
dossier_00189,OK,,,,,,,3
dossier_00190,ANOMALIE,erreur_tva,3,facture,tva_calcul,71.91,71.90,3
dossier_00191,ANOMALIE,discordance_dates,2,bon_commande,date_signature,22/03/2026,07/03/2026,3
dossier_00192,OK,,,,,,,3
dossier_00193,OK,,,,,,,3
dossier_00194,ANOMALIE,alteration_iban,1,facture,iban,FR4632347383428203853140231,FR0049304117444061669031262,3
dossier_00195,OK,,,,,,,3
dossier_00196,OK,,,,,,,3
dossier_00197,ANOMALIE,erreur_tva,1,facture,tva_calcul,220.91,110.45,3
dossier_00198,ANOMALIE,discordance_dates,3,bon_commande,date_signature,22/03/2026,07/03/2026,3
dossier_00199,OK,,,,,,,3
dossier_00200,ANOMALIE,alteration_iban,1,facture,iban,FR2814572730799240258349555,FR2969901621952430011925473,3
dossier_00201,OK,,,,,,,3
dossier_00202,OK,,,,,,,3
dossier_00203,OK,,,,,,,3
dossier_00204,OK,,,,,,,3
dossier_00205,OK,,,,,,,3
dossier_00206,ANOMALIE,erreur_tva,2,facture,tva_calcul,211.86,190.67,3
dossier_00207,ANOMALIE,alteration_montant_ttc,2,facture,montant_ttc,1399.86,1427.86,3
dossier_00208,OK,,,,,,,3
dossier_00209,OK,,,,,,,3
dossier_00210,OK,,,,,,,3
dossier_00211,OK,,,,,,,3
dossier_00212,OK,,,,,,,3
dossier_00213,OK,,,,,,,3
dossier_00214,OK,,,,,,,3
dossier_00215,ANOMALIE,alteration_iban,1,bon_commande,iban,FR3010890815443410821878115,FR0799170679092768764934333,3
dossier_00216,OK,,,,,,,3
dossier_00217,ANOMALIE,alteration_siret,3,bon_commande,siret_fournisseur,20645299498227,20245299498227,3
dossier_00218,ANOMALIE,discordance_dates,1,facture,date_emission,17/03/2026,07/03/2026,3
dossier_00219,OK,,,,,,,3
dossier_00220,ANOMALIE,alteration_siret,1,bon_commande,siret_fournisseur,47911691178490,53796096585994,3
dossier_00221,ANOMALIE,erreur_tva,3,facture,tva_calcul,486.48,486.47,3
dossier_00222,ANOMALIE,alteration_montant_ttc,3,facture,montant_ttc,6966.55,6966.56,3
dossier_00223,OK,,,,,,,3
dossier_00224,ANOMALIE,alteration_siret,2,facture,siret_fournisseur,31993690114286,31993698214286,3
dossier_00225,ANOMALIE,erreur_tva,1,facture,tva_calcul,61.46,30.73,3
dossier_00226,ANOMALIE,alteration_siret,1,bon_commande,siret_fournisseur,46433154154329,90951833569504,3
dossier_00227,ANOMALIE,erreur_tva,1,facture,tva_calcul,1118.39,559.20,3
dossier_00228,OK,,,,,,,3
dossier_00229,OK,,,,,,,3
dossier_00230,OK,,,,,,,3
dossier_00231,OK,,,,,,,3
dossier_00232,ANOMALIE,erreur_tva,2,facture,tva_calcul,532.36,479.12,3
dossier_00233,OK,,,,,,,3
dossier_00234,OK,,,,,,,3
dossier_00235,OK,,,,,,,3
dossier_00236,ANOMALIE,alteration_iban,2,bon_commande,iban,FR6285584666826403590554133,FR6285584666326603590554133,3
dossier_00237,OK,,,,,,,3
dossier_00238,ANOMALIE,alteration_montant_ttc,3,facture,montant_ttc,1069.04,1069.05,3
dossier_00239,ANOMALIE,alteration_montant_ttc,3,facture,montant_ttc,6742.81,6742.82,3
dossier_00240,OK,,,,,,,3
dossier_00241,OK,,,,,,,3
dossier_00242,OK,,,,,,,3
dossier_00243,OK,,,,,,,3
dossier_00244,OK,,,,,,,3
dossier_00245,ANOMALIE,discordance_dates,2,facture,date_emission,17/03/2026,07/03/2026,3
dossier_00246,ANOMALIE,alteration_montant_ttc,3,facture,montant_ttc,333.11,333.12,3
dossier_00247,OK,,,,,,,3
dossier_00248,OK,,,,,,,3
dossier_00249,ANOMALIE,alteration_iban,3,facture,iban,FR8509189695598749249155343,FR9509189695598749249155343,3
dossier_00250,OK,,,,,,,3
dossier_00251,ANOMALIE,alteration_siret,1,bon_commande,siret_fournisseur,00008108831647,59568541807632,3
dossier_00252,OK,,,,,,,3
dossier_00253,OK,,,,,,,3
dossier_00254,ANOMALIE,alteration_iban,1,bon_commande,iban,FR5224841016682098792014523,FR6519603510813274865649760,3
dossier_00255,ANOMALIE,alteration_siret,1,bon_commande,siret_fournisseur,98034485816924,64442701032452,3
dossier_00256,OK,,,,,,,3
dossier_00257,ANOMALIE,discordance_dates,2,facture,date_emission,17/03/2026,07/03/2026,3
dossier_00258,OK,,,,,,,3
dossier_00259,ANOMALIE,alteration_iban,1,bon_commande,iban,FR0191998810816699944241070,FR0691598272948647623049001,3
dossier_00260,ANOMALIE,alteration_siret,2,bon_commande,siret_fournisseur,25354339230580,27344339230580,3
dossier_00261,OK,,,,,,,3
dossier_00262,OK,,,,,,,3
dossier_00263,OK,,,,,,,3
dossier_00264,ANOMALIE,alteration_iban,1,bon_commande,iban,FR0440821912737349337164920,FR0034301652959853168364232,3
dossier_00265,ANOMALIE,discordance_dates,1,bon_commande,date_signature,22/03/2026,07/03/2026,3
dossier_00266,ANOMALIE,discordance_dates,1,facture,date_emission,17/03/2026,07/03/2026,3
dossier_00267,OK,,,,,,,3
dossier_00268,OK,,,,,,,3
dossier_00269,ANOMALIE,alteration_siret,1,bon_commande,siret_fournisseur,53327482241903,18223913868721,3
dossier_00270,ANOMALIE,discordance_dates,3,bon_commande,date_signature,22/03/2026,07/03/2026,3
dossier_00271,OK,,,,,,,3
dossier_00272,ANOMALIE,alteration_iban,3,facture,iban,FR6935786660808906581758617,FR6935786060808906581758617,3
dossier_00273,ANOMALIE,erreur_tva,2,facture,tva_calcul,389.20,350.28,3
dossier_00274,OK,,,,,,,3
dossier_00275,OK,,,,,,,3
dossier_00276,OK,,,,,,,3
dossier_00277,OK,,,,,,,3
dossier_00278,OK,,,,,,,3
dossier_00279,OK,,,,,,,3
dossier_00280,ANOMALIE,discordance_dates,1,facture,date_emission,17/03/2026,07/03/2026,3
dossier_00281,OK,,,,,,,3
dossier_00282,OK,,,,,,,3
dossier_00283,OK,,,,,,,3
dossier_00284,OK,,,,,,,3
dossier_00285,ANOMALIE,erreur_tva,1,facture,tva_calcul,1035.30,517.65,3
dossier_00286,ANOMALIE,alteration_iban,2,bon_commande,iban,FR3849333344992238723366971,FR3849333304692238723366971,3
dossier_00287,OK,,,,,,,3
dossier_00288,OK,,,,,,,3
dossier_00289,OK,,,,,,,3
dossier_00290,ANOMALIE,alteration_siret,3,facture,siret_fournisseur,81219284105255,41219284105255,3
dossier_00291,OK,,,,,,,3
dossier_00292,OK,,,,,,,3
dossier_00293,OK,,,,,,,3
dossier_00294,ANOMALIE,alteration_siret,1,facture,siret_fournisseur,93079683422310,26221405903086,3
dossier_00295,OK,,,,,,,3
dossier_00296,OK,,,,,,,3
dossier_00297,ANOMALIE,alteration_siret,2,facture,siret_fournisseur,40521900574201,10521900524201,3
dossier_00298,ANOMALIE,erreur_tva,3,facture,tva_calcul,512.82,512.81,3
dossier_00299,ANOMALIE,discordance_dates,3,facture,date_emission,17/03/2026,07/03/2026,3
dossier_00300,ANOMALIE,alteration_iban,1,bon_commande,iban,FR5990633727374780239507300,FR1537643875058800185752923,3
dossier_00301,OK,,,,,,,3
dossier_00302,OK,,,,,,,3
dossier_00303,ANOMALIE,erreur_tva,1,facture,tva_calcul,674.59,337.30,3
dossier_00304,OK,,,,,,,3
dossier_00305,OK,,,,,,,3
dossier_00306,OK,,,,,,,3
dossier_00307,OK,,,,,,,3
dossier_00308,ANOMALIE,alteration_montant_ttc,2,facture,montant_ttc,3108.74,3170.91,3
dossier_00309,ANOMALIE,erreur_tva,3,facture,tva_calcul,712.62,712.61,3
dossier_00310,ANOMALIE,alteration_siret,2,facture,siret_fournisseur,64945493269115,61945293269115,3
dossier_00311,OK,,,,,,,3
dossier_00312,OK,,,,,,,3
dossier_00313,ANOMALIE,alteration_siret,3,bon_commande,siret_fournisseur,14748816691545,14748816699545,3
dossier_00314,OK,,,,,,,3
dossier_00315,ANOMALIE,erreur_tva,1,facture,tva_calcul,867.77,433.88,3
dossier_00316,OK,,,,,,,3
dossier_00317,ANOMALIE,alteration_siret,2,bon_commande,siret_fournisseur,14680434778804,14880414778804,3
dossier_00318,OK,,,,,,,3
dossier_00319,ANOMALIE,alteration_iban,2,bon_commande,iban,FR2348436918519398812393754,FR2348436918510398822393754,3
dossier_00320,OK,,,,,,,3
dossier_00321,OK,,,,,,,3
dossier_00322,ANOMALIE,alteration_siret,2,bon_commande,siret_fournisseur,09304070457135,09334070457235,3
dossier_00323,ANOMALIE,alteration_montant_ttc,1,facture,montant_ttc,6269.99,7523.99,3
dossier_00324,ANOMALIE,discordance_dates,3,bon_commande,date_signature,22/03/2026,07/03/2026,3
dossier_00325,OK,,,,,,,3
dossier_00326,ANOMALIE,erreur_tva,3,facture,tva_calcul,618.13,618.12,3
dossier_00327,OK,,,,,,,3
dossier_00328,ANOMALIE,erreur_tva,2,facture,tva_calcul,573.29,515.96,3
dossier_00329,OK,,,,,,,3
dossier_00330,OK,,,,,,,3
dossier_00331,OK,,,,,,,3
dossier_00332,OK,,,,,,,3
dossier_00333,ANOMALIE,erreur_tva,1,facture,tva_calcul,683.49,341.75,3
dossier_00334,OK,,,,,,,3
dossier_00335,OK,,,,,,,3
dossier_00336,OK,,,,,,,3
dossier_00337,ANOMALIE,discordance_dates,3,facture,date_emission,17/03/2026,07/03/2026,3
dossier_00338,ANOMALIE,discordance_dates,3,bon_commande,date_signature,22/03/2026,07/03/2026,3
dossier_00339,OK,,,,,,,3
dossier_00340,OK,,,,,,,3
dossier_00341,OK,,,,,,,3
dossier_00342,ANOMALIE,discordance_dates,2,facture,date_emission,17/03/2026,07/03/2026,3
dossier_00343,OK,,,,,,,3
dossier_00344,OK,,,,,,,3
dossier_00345,ANOMALIE,discordance_dates,2,facture,date_emission,17/03/2026,07/03/2026,3
dossier_00346,ANOMALIE,alteration_siret,3,facture,siret_fournisseur,65653950174120,65653950174320,3
dossier_00347,ANOMALIE,alteration_siret,3,facture,siret_fournisseur,49936439826936,59936439826936,3
dossier_00348,ANOMALIE,discordance_dates,1,bon_commande,date_signature,22/03/2026,07/03/2026,3
dossier_00349,OK,,,,,,,3
dossier_00350,OK,,,,,,,3
dossier_00351,OK,,,,,,,3
dossier_00352,OK,,,,,,,3
dossier_00353,OK,,,,,,,3
dossier_00354,ANOMALIE,alteration_montant_ttc,2,facture,montant_ttc,1237.04,1261.78,3
dossier_00355,OK,,,,,,,3
dossier_00356,OK,,,,,,,3
dossier_00357,ANOMALIE,alteration_montant_ttc,2,facture,montant_ttc,1959.78,1998.98,3
dossier_00358,OK,,,,,,,3
dossier_00359,OK,,,,,,,3
dossier_00360,OK,,,,,,,3
dossier_00361,OK,,,,,,,3
dossier_00362,OK,,,,,,,3
dossier_00363,OK,,,,,,,3
dossier_00364,OK,,,,,,,3
dossier_00365,OK,,,,,,,3
dossier_00366,OK,,,,,,,3
dossier_00367,ANOMALIE,erreur_tva,1,facture,tva_calcul,961.34,480.67,3
dossier_00368,OK,,,,,,,3
dossier_00369,ANOMALIE,alteration_siret,2,facture,siret_fournisseur,66615363701782,66915363701762,3
dossier_00370,OK,,,,,,,3
dossier_00371,OK,,,,,,,3
dossier_00372,OK,,,,,,,3
dossier_00373,OK,,,,,,,3
dossier_00374,OK,,,,,,,3
dossier_00375,OK,,,,,,,3
dossier_00376,ANOMALIE,alteration_montant_ttc,1,facture,montant_ttc,2980.21,3576.25,3
dossier_00377,OK,,,,,,,3
dossier_00378,OK,,,,,,,3
dossier_00379,OK,,,,,,,3
dossier_00380,OK,,,,,,,3
dossier_00381,ANOMALIE,discordance_dates,1,facture,date_emission,17/03/2026,07/03/2026,3
dossier_00382,OK,,,,,,,3
dossier_00383,OK,,,,,,,3
dossier_00384,OK,,,,,,,3
dossier_00385,ANOMALIE,alteration_siret,1,facture,siret_fournisseur,96959028868313,53055940871629,3
dossier_00386,OK,,,,,,,3
dossier_00387,OK,,,,,,,3
dossier_00388,OK,,,,,,,3
dossier_00389,OK,,,,,,,3
dossier_00390,OK,,,,,,,3
dossier_00391,ANOMALIE,alteration_iban,1,bon_commande,iban,FR7908660853226400941697544,FR0032363250590470033328603,3
dossier_00392,ANOMALIE,discordance_dates,2,facture,date_emission,17/03/2026,07/03/2026,3
dossier_00393,ANOMALIE,alteration_siret,1,bon_commande,siret_fournisseur,68813935585752,01610904292289,3
dossier_00394,ANOMALIE,erreur_tva,3,facture,tva_calcul,564.80,564.79,3
dossier_00395,OK,,,,,,,3
dossier_00396,ANOMALIE,discordance_dates,2,bon_commande,date_signature,22/03/2026,07/03/2026,3
dossier_00397,ANOMALIE,alteration_iban,1,facture,iban,FR5975536503773383990692734,FR7925362816618930729943976,3
dossier_00398,OK,,,,,,,3
dossier_00399,OK,,,,,,,3
dossier_00400,ANOMALIE,discordance_dates,2,facture,date_emission,17/03/2026,07/03/2026,3
dossier_00401,OK,,,,,,,3
dossier_00402,OK,,,,,,,3
dossier_00403,ANOMALIE,discordance_dates,1,bon_commande,date_signature,22/03/2026,07/03/2026,3
dossier_00404,OK,,,,,,,3
dossier_00405,ANOMALIE,discordance_dates,2,bon_commande,date_signature,22/03/2026,07/03/2026,3
dossier_00406,OK,,,,,,,3
dossier_00407,ANOMALIE,alteration_siret,2,facture,siret_fournisseur,93888393888288,93888393428288,3
dossier_00408,OK,,,,,,,3
dossier_00409,OK,,,,,,,3
dossier_00410,OK,,,,,,,3
dossier_00411,ANOMALIE,alteration_siret,1,facture,siret_fournisseur,77529585381085,66559312973483,3
dossier_00412,OK,,,,,,,3
dossier_00413,ANOMALIE,alteration_iban,1,facture,iban,FR5231932505136148148163393,FR4901620985343493695031687,3
dossier_00414,OK,,,,,,,3
dossier_00415,ANOMALIE,discordance_dates,2,bon_commande,date_signature,22/03/2026,07/03/2026,3
dossier_00416,OK,,,,,,,3
dossier_00417,OK,,,,,,,3
dossier_00418,OK,,,,,,,3
dossier_00419,OK,,,,,,,3
dossier_00420,OK,,,,,,,3
dossier_00421,OK,,,,,,,3
dossier_00422,ANOMALIE,erreur_tva,1,facture,tva_calcul,189.16,94.58,3
dossier_00423,OK,,,,,,,3
dossier_00424,OK,,,,,,,3
dossier_00425,OK,,,,,,,3
dossier_00426,OK,,,,,,,3
dossier_00427,OK,,,,,,,3
dossier_00428,OK,,,,,,,3
dossier_00429,OK,,,,,,,3
dossier_00430,ANOMALIE,alteration_montant_ttc,1,facture,montant_ttc,7161.23,8593.48,3
dossier_00431,ANOMALIE,alteration_siret,2,facture,siret_fournisseur,90861134619502,55861134619502,3
dossier_00432,ANOMALIE,discordance_dates,2,bon_commande,date_signature,22/03/2026,07/03/2026,3
dossier_00433,OK,,,,,,,3
dossier_00434,ANOMALIE,alteration_siret,2,facture,siret_fournisseur,86183070170632,86133070270632,3
dossier_00435,OK,,,,,,,3
dossier_00436,ANOMALIE,alteration_siret,1,bon_commande,siret_fournisseur,55079582818062,50062774746672,3
dossier_00437,OK,,,,,,,3
dossier_00438,ANOMALIE,discordance_dates,2,bon_commande,date_signature,22/03/2026,07/03/2026,3
dossier_00439,OK,,,,,,,3
dossier_00440,OK,,,,,,,3
dossier_00441,OK,,,,,,,3
dossier_00442,ANOMALIE,erreur_tva,1,facture,tva_calcul,512.69,256.35,3
dossier_00443,OK,,,,,,,3
dossier_00444,ANOMALIE,alteration_iban,2,bon_commande,iban,FR6153766529690052831104379,FR6153766529690052831504359,3
dossier_00445,OK,,,,,,,3
dossier_00446,OK,,,,,,,3
dossier_00447,ANOMALIE,alteration_siret,1,facture,siret_fournisseur,49146227864164,61047171035523,3
dossier_00448,OK,,,,,,,3
dossier_00449,OK,,,,,,,3
dossier_00450,OK,,,,,,,3
dossier_00451,OK,,,,,,,3
dossier_00452,ANOMALIE,discordance_dates,3,bon_commande,date_signature,22/03/2026,07/03/2026,3
dossier_00453,ANOMALIE,alteration_iban,3,bon_commande,iban,FR5420513919000507877661106,FR5420573919000507877661106,3
dossier_00454,OK,,,,,,,3
dossier_00455,OK,,,,,,,3
dossier_00456,OK,,,,,,,3
dossier_00457,OK,,,,,,,3
dossier_00458,OK,,,,,,,3
dossier_00459,ANOMALIE,alteration_iban,1,bon_commande,iban,FR5177948717503231310370248,FR9675646961749007207288832,3
dossier_00460,OK,,,,,,,3
dossier_00461,ANOMALIE,alteration_iban,2,facture,iban,FR4789731575034130059208661,FR4789731575034130059208761,3
dossier_00462,OK,,,,,,,3
dossier_00463,OK,,,,,,,3
dossier_00464,OK,,,,,,,3
dossier_00465,ANOMALIE,discordance_dates,1,facture,date_emission,17/03/2026,07/03/2026,3
dossier_00466,ANOMALIE,alteration_montant_ttc,2,facture,montant_ttc,4507.90,4598.06,3
dossier_00467,OK,,,,,,,3
dossier_00468,OK,,,,,,,3
dossier_00469,ANOMALIE,alteration_siret,1,bon_commande,siret_fournisseur,86881254392964,80325530269422,3
dossier_00470,OK,,,,,,,3
dossier_00471,OK,,,,,,,3
dossier_00472,OK,,,,,,,3
dossier_00473,OK,,,,,,,3
dossier_00474,ANOMALIE,alteration_iban,1,bon_commande,iban,FR9316687149347779456078471,FR1638036265702691967871768,3
dossier_00475,OK,,,,,,,3
dossier_00476,OK,,,,,,,3
dossier_00477,ANOMALIE,erreur_tva,3,facture,tva_calcul,168.83,168.82,3
dossier_00478,ANOMALIE,alteration_iban,1,bon_commande,iban,FR1622768932326699620343515,FR1223805399910145994913947,3
dossier_00479,OK,,,,,,,3
dossier_00480,OK,,,,,,,3
dossier_00481,OK,,,,,,,3
dossier_00482,OK,,,,,,,3
dossier_00483,OK,,,,,,,3
dossier_00484,OK,,,,,,,3
dossier_00485,ANOMALIE,erreur_tva,3,facture,tva_calcul,360.34,360.33,3
dossier_00486,OK,,,,,,,3
dossier_00487,ANOMALIE,alteration_iban,3,bon_commande,iban,FR0254806686529439957492408,FR0254806686529439757492408,3
dossier_00488,OK,,,,,,,3
dossier_00489,OK,,,,,,,3
dossier_00490,OK,,,,,,,3
dossier_00491,OK,,,,,,,3
dossier_00492,OK,,,,,,,3
dossier_00493,ANOMALIE,erreur_tva,1,facture,tva_calcul,591.99,296.00,3
dossier_00494,OK,,,,,,,3
dossier_00495,OK,,,,,,,3
dossier_00496,ANOMALIE,erreur_tva,2,facture,tva_calcul,551.33,496.20,3
dossier_00497,ANOMALIE,alteration_siret,2,bon_commande,siret_fournisseur,22255238211555,22055538211555,3
dossier_00498,OK,,,,,,,3
dossier_00499,OK,,,,,,,3
dossier_00500,ANOMALIE,alteration_montant_ttc,2,facture,montant_ttc,6650.38,6783.39,3
dossier_00501,ANOMALIE,erreur_tva,1,facture,tva_calcul,637.41,318.70,3
dossier_00502,OK,,,,,,,3
dossier_00503,OK,,,,,,,3
dossier_00504,OK,,,,,,,3
dossier_00505,ANOMALIE,alteration_siret,1,facture,siret_fournisseur,43560492922803,71629431588102,3
dossier_00506,ANOMALIE,discordance_dates,2,bon_commande,date_signature,22/03/2026,07/03/2026,3
dossier_00507,ANOMALIE,alteration_montant_ttc,3,facture,montant_ttc,6697.62,6697.63,3
dossier_00508,OK,,,,,,,3
dossier_00509,OK,,,,,,,3
dossier_00510,ANOMALIE,alteration_iban,1,bon_commande,iban,FR1480791364277839418923649,FR9388762716674024021961962,3
dossier_00511,OK,,,,,,,3
dossier_00512,ANOMALIE,alteration_montant_ttc,2,facture,montant_ttc,2929.66,2988.25,3
dossier_00513,ANOMALIE,alteration_montant_ttc,1,facture,montant_ttc,6883.04,8259.65,3
dossier_00514,OK,,,,,,,3
dossier_00515,ANOMALIE,erreur_tva,3,facture,tva_calcul,1052.96,1052.95,3
dossier_00516,OK,,,,,,,3
dossier_00517,ANOMALIE,alteration_siret,2,facture,siret_fournisseur,27086243227273,28086233227273,3
dossier_00518,OK,,,,,,,3
dossier_00519,ANOMALIE,alteration_montant_ttc,3,facture,montant_ttc,466.61,466.62,3
dossier_00520,ANOMALIE,alteration_iban,1,facture,iban,FR0805378703189519156225720,FR4782500131398861619223734,3
dossier_00521,OK,,,,,,,3
dossier_00522,OK,,,,,,,3
dossier_00523,OK,,,,,,,3
dossier_00524,OK,,,,,,,3
dossier_00525,OK,,,,,,,3
dossier_00526,OK,,,,,,,3
dossier_00527,ANOMALIE,alteration_siret,2,facture,siret_fournisseur,92535243008762,52535243008762,3
dossier_00528,OK,,,,,,,3
dossier_00529,ANOMALIE,discordance_dates,1,bon_commande,date_signature,22/03/2026,07/03/2026,3
dossier_00530,ANOMALIE,alteration_montant_ttc,3,facture,montant_ttc,3121.03,3121.04,3
dossier_00531,OK,,,,,,,3
dossier_00532,OK,,,,,,,3
dossier_00533,ANOMALIE,erreur_tva,2,facture,tva_calcul,769.27,692.34,3
dossier_00534,OK,,,,,,,3
dossier_00535,OK,,,,,,,3
dossier_00536,OK,,,,,,,3
dossier_00537,OK,,,,,,,3
dossier_00538,OK,,,,,,,3
dossier_00539,OK,,,,,,,3
dossier_00540,OK,,,,,,,3
dossier_00541,ANOMALIE,alteration_montant_ttc,2,facture,montant_ttc,4661.98,4755.22,3
dossier_00542,OK,,,,,,,3
dossier_00543,ANOMALIE,alteration_iban,2,bon_commande,iban,FR3139491482985440553184832,FR3139491482985440853284832,3
dossier_00544,ANOMALIE,alteration_montant_ttc,3,facture,montant_ttc,1403.68,1403.69,3
dossier_00545,OK,,,,,,,3
dossier_00546,OK,,,,,,,3
dossier_00547,OK,,,,,,,3
dossier_00548,ANOMALIE,alteration_montant_ttc,1,facture,montant_ttc,6566.46,7879.75,3
dossier_00549,OK,,,,,,,3
dossier_00550,ANOMALIE,erreur_tva,2,facture,tva_calcul,717.37,645.63,3
dossier_00551,OK,,,,,,,3
dossier_00552,OK,,,,,,,3
dossier_00553,ANOMALIE,discordance_dates,1,bon_commande,date_signature,22/03/2026,07/03/2026,3
dossier_00554,OK,,,,,,,3
dossier_00555,OK,,,,,,,3
dossier_00556,ANOMALIE,alteration_siret,2,facture,siret_fournisseur,98676968969447,99676968979447,3
dossier_00557,OK,,,,,,,3
dossier_00558,OK,,,,,,,3
dossier_00559,ANOMALIE,alteration_iban,1,bon_commande,iban,FR4094685595613813918785398,FR8515711291687428837186244,3
dossier_00560,OK,,,,,,,3
dossier_00561,OK,,,,,,,3
dossier_00562,OK,,,,,,,3
dossier_00563,ANOMALIE,alteration_montant_ttc,1,facture,montant_ttc,742.19,890.63,3
dossier_00564,ANOMALIE,alteration_siret,3,facture,siret_fournisseur,10515078706969,10215078706969,3
dossier_00565,OK,,,,,,,3
dossier_00566,ANOMALIE,discordance_dates,1,facture,date_emission,17/03/2026,07/03/2026,3
dossier_00567,OK,,,,,,,3
dossier_00568,ANOMALIE,discordance_dates,2,facture,date_emission,17/03/2026,07/03/2026,3
dossier_00569,OK,,,,,,,3
dossier_00570,ANOMALIE,alteration_siret,2,bon_commande,siret_fournisseur,90056218087642,30056211087642,3
dossier_00571,OK,,,,,,,3
dossier_00572,OK,,,,,,,3
dossier_00573,OK,,,,,,,3
dossier_00574,OK,,,,,,,3
dossier_00575,OK,,,,,,,3
dossier_00576,ANOMALIE,alteration_iban,1,bon_commande,iban,FR5201979054241887280932441,FR2882523317052076876924517,3
dossier_00577,ANOMALIE,alteration_iban,1,bon_commande,iban,FR9115330217442798431463324,FR2519693539821209928097845,3
dossier_00578,ANOMALIE,erreur_tva,1,facture,tva_calcul,1014.93,507.46,3
dossier_00579,OK,,,,,,,3
dossier_00580,OK,,,,,,,3
dossier_00581,OK,,,,,,,3
dossier_00582,OK,,,,,,,3
dossier_00583,ANOMALIE,alteration_siret,2,bon_commande,siret_fournisseur,30463089013581,40463089019581,3
dossier_00584,ANOMALIE,alteration_iban,2,bon_commande,iban,FR9529777528683011678017073,FR9529777828683011658017073,3
dossier_00585,OK,,,,,,,3
dossier_00586,ANOMALIE,erreur_tva,3,facture,tva_calcul,599.89,599.88,3
dossier_00587,OK,,,,,,,3
dossier_00588,OK,,,,,,,3
dossier_00589,OK,,,,,,,3
dossier_00590,OK,,,,,,,3
dossier_00591,OK,,,,,,,3
dossier_00592,OK,,,,,,,3
dossier_00593,OK,,,,,,,3
dossier_00594,ANOMALIE,discordance_dates,1,bon_commande,date_signature,22/03/2026,07/03/2026,3
dossier_00595,OK,,,,,,,3
dossier_00596,ANOMALIE,discordance_dates,1,facture,date_emission,17/03/2026,07/03/2026,3
dossier_00597,ANOMALIE,alteration_siret,2,facture,siret_fournisseur,34232450386736,34232455286736,3
dossier_00598,ANOMALIE,discordance_dates,1,facture,date_emission,17/03/2026,07/03/2026,3
dossier_00599,OK,,,,,,,3
dossier_00600,OK,,,,,,,3
dossier_00601,OK,,,,,,,3
dossier_00602,OK,,,,,,,3
dossier_00603,ANOMALIE,erreur_tva,2,facture,tva_calcul,393.05,353.75,3
dossier_00604,OK,,,,,,,3
dossier_00605,OK,,,,,,,3
dossier_00606,OK,,,,,,,3
dossier_00607,OK,,,,,,,3
dossier_00608,OK,,,,,,,3
dossier_00609,ANOMALIE,alteration_montant_ttc,1,facture,montant_ttc,3981.76,4778.11,3
dossier_00610,OK,,,,,,,3
dossier_00611,OK,,,,,,,3
dossier_00612,OK,,,,,,,3
dossier_00613,ANOMALIE,alteration_siret,1,bon_commande,siret_fournisseur,43921458405896,36316735285519,3
dossier_00614,ANOMALIE,erreur_tva,1,facture,tva_calcul,834.00,417.00,3
dossier_00615,ANOMALIE,alteration_siret,2,bon_commande,siret_fournisseur,94388252870075,94288252870071,3
dossier_00616,ANOMALIE,discordance_dates,1,facture,date_emission,17/03/2026,07/03/2026,3
dossier_00617,OK,,,,,,,3
dossier_00618,ANOMALIE,erreur_tva,2,facture,tva_calcul,644.69,580.22,3
dossier_00619,ANOMALIE,alteration_siret,3,facture,siret_fournisseur,54318091501589,54718091501589,3
dossier_00620,OK,,,,,,,3
dossier_00621,OK,,,,,,,3
dossier_00622,OK,,,,,,,3
dossier_00623,OK,,,,,,,3
dossier_00624,OK,,,,,,,3
dossier_00625,OK,,,,,,,3
dossier_00626,OK,,,,,,,3
dossier_00627,ANOMALIE,alteration_iban,2,bon_commande,iban,FR2239908591831232010862263,FR2239908591831632910862263,3
dossier_00628,OK,,,,,,,3
dossier_00629,OK,,,,,,,3
dossier_00630,OK,,,,,,,3
dossier_00631,OK,,,,,,,3
dossier_00632,OK,,,,,,,3
dossier_00633,OK,,,,,,,3
dossier_00634,ANOMALIE,alteration_iban,1,bon_commande,iban,FR2708548399923658218799404,FR7128517393264538782025260,3
dossier_00635,ANOMALIE,alteration_montant_ttc,1,facture,montant_ttc,1085.45,1302.54,3
dossier_00636,ANOMALIE,alteration_iban,3,bon_commande,iban,FR4084089383535698115728445,FR4584089383535698115728445,3
dossier_00637,OK,,,,,,,3
dossier_00638,OK,,,,,,,3
dossier_00639,ANOMALIE,alteration_iban,3,facture,iban,FR2799686178151569017059697,FR2799686178151569018059697,3
dossier_00640,ANOMALIE,erreur_tva,2,facture,tva_calcul,494.32,444.89,3
dossier_00641,OK,,,,,,,3
dossier_00642,OK,,,,,,,3
dossier_00643,OK,,,,,,,3
dossier_00644,ANOMALIE,alteration_iban,3,bon_commande,iban,FR9061492529858714008064532,FR9061492529858714008264532,3
dossier_00645,ANOMALIE,alteration_montant_ttc,2,facture,montant_ttc,4472.58,4562.03,3
dossier_00646,ANOMALIE,discordance_dates,1,bon_commande,date_signature,22/03/2026,07/03/2026,3
dossier_00647,ANOMALIE,alteration_iban,1,bon_commande,iban,FR1999917280749538940372685,FR0027802325392304266855082,3
dossier_00648,OK,,,,,,,3
dossier_00649,OK,,,,,,,3
dossier_00650,OK,,,,,,,3
dossier_00651,OK,,,,,,,3
dossier_00652,OK,,,,,,,3
dossier_00653,ANOMALIE,erreur_tva,1,facture,tva_calcul,803.90,401.95,3
dossier_00654,OK,,,,,,,3
dossier_00655,ANOMALIE,alteration_siret,2,bon_commande,siret_fournisseur,60639855912401,60139865912401,3
dossier_00656,ANOMALIE,alteration_siret,3,facture,siret_fournisseur,06415264701369,06915264701369,3
dossier_00657,OK,,,,,,,3
dossier_00658,OK,,,,,,,3
dossier_00659,OK,,,,,,,3
dossier_00660,OK,,,,,,,3
dossier_00661,OK,,,,,,,3
dossier_00662,OK,,,,,,,3
dossier_00663,OK,,,,,,,3
dossier_00664,ANOMALIE,alteration_siret,3,facture,siret_fournisseur,37112266210943,37112262210943,3
dossier_00665,OK,,,,,,,3
dossier_00666,OK,,,,,,,3
dossier_00667,ANOMALIE,alteration_siret,2,bon_commande,siret_fournisseur,25289189094154,25299189094155,3
dossier_00668,OK,,,,,,,3
dossier_00669,OK,,,,,,,3
dossier_00670,OK,,,,,,,3
dossier_00671,OK,,,,,,,3
dossier_00672,OK,,,,,,,3
dossier_00673,ANOMALIE,alteration_iban,1,bon_commande,iban,FR2623576424095691092858744,FR1983485107521411858843500,3
dossier_00674,ANOMALIE,discordance_dates,2,bon_commande,date_signature,22/03/2026,07/03/2026,3
dossier_00675,ANOMALIE,erreur_tva,2,facture,tva_calcul,999.66,899.69,3
dossier_00676,OK,,,,,,,3
dossier_00677,OK,,,,,,,3
dossier_00678,OK,,,,,,,3
dossier_00679,OK,,,,,,,3
dossier_00680,ANOMALIE,alteration_iban,2,facture,iban,FR0414075461234661257268799,FR0414075461234665253268799,3
dossier_00681,OK,,,,,,,3
dossier_00682,OK,,,,,,,3
dossier_00683,ANOMALIE,alteration_montant_ttc,3,facture,montant_ttc,3116.89,3116.90,3
dossier_00684,OK,,,,,,,3
dossier_00685,OK,,,,,,,3
dossier_00686,ANOMALIE,erreur_tva,1,facture,tva_calcul,60.83,30.41,3
dossier_00687,ANOMALIE,alteration_montant_ttc,2,facture,montant_ttc,6316.69,6443.02,3
dossier_00688,OK,,,,,,,3
dossier_00689,OK,,,,,,,3
dossier_00690,OK,,,,,,,3
dossier_00691,OK,,,,,,,3
dossier_00692,ANOMALIE,alteration_montant_ttc,1,facture,montant_ttc,330.30,396.36,3
dossier_00693,ANOMALIE,alteration_iban,3,bon_commande,iban,FR4482270979694229839487999,FR4482270979694229839787999,3
dossier_00694,OK,,,,,,,3
dossier_00695,OK,,,,,,,3
dossier_00696,OK,,,,,,,3
dossier_00697,OK,,,,,,,3
dossier_00698,OK,,,,,,,3
dossier_00699,OK,,,,,,,3
dossier_00700,ANOMALIE,discordance_dates,1,facture,date_emission,17/03/2026,07/03/2026,3
dossier_00701,ANOMALIE,erreur_tva,1,facture,tva_calcul,1063.20,531.60,3
dossier_00702,OK,,,,,,,3
dossier_00703,OK,,,,,,,3
dossier_00704,OK,,,,,,,3
dossier_00705,OK,,,,,,,3
dossier_00706,ANOMALIE,alteration_montant_ttc,2,facture,montant_ttc,2864.40,2921.69,3
dossier_00707,ANOMALIE,alteration_iban,2,bon_commande,iban,FR1514804043438885269353552,FR1514804043338885269353562,3
dossier_00708,OK,,,,,,,3
dossier_00709,OK,,,,,,,3
dossier_00710,ANOMALIE,discordance_dates,3,bon_commande,date_signature,22/03/2026,07/03/2026,3
dossier_00711,ANOMALIE,alteration_montant_ttc,3,facture,montant_ttc,6650.28,6650.29,3
dossier_00712,ANOMALIE,erreur_tva,3,facture,tva_calcul,250.74,250.73,3
dossier_00713,OK,,,,,,,3
dossier_00714,OK,,,,,,,3
dossier_00715,OK,,,,,,,3
dossier_00716,ANOMALIE,alteration_iban,1,facture,iban,FR3318142551712798559181333,FR2193172038146446366447432,3
dossier_00717,OK,,,,,,,3
dossier_00718,OK,,,,,,,3
dossier_00719,ANOMALIE,erreur_tva,1,facture,tva_calcul,1139.25,569.62,3
dossier_00720,OK,,,,,,,3
dossier_00721,OK,,,,,,,3
dossier_00722,ANOMALIE,discordance_dates,1,bon_commande,date_signature,22/03/2026,07/03/2026,3
dossier_00723,OK,,,,,,,3
dossier_00724,OK,,,,,,,3
dossier_00725,ANOMALIE,discordance_dates,2,facture,date_emission,17/03/2026,07/03/2026,3
dossier_00726,OK,,,,,,,3
dossier_00727,OK,,,,,,,3
dossier_00728,ANOMALIE,alteration_iban,3,bon_commande,iban,FR2097938376397580061233879,FR2097937376397580061233879,3
dossier_00729,ANOMALIE,erreur_tva,1,facture,tva_calcul,537.52,268.76,3
dossier_00730,OK,,,,,,,3
dossier_00731,OK,,,,,,,3
dossier_00732,ANOMALIE,discordance_dates,2,bon_commande,date_signature,22/03/2026,07/03/2026,3
dossier_00733,OK,,,,,,,3
dossier_00734,OK,,,,,,,3
dossier_00735,OK,,,,,,,3
dossier_00736,OK,,,,,,,3
dossier_00737,ANOMALIE,alteration_iban,3,facture,iban,FR8810825895213270906448507,FR8810825895213278906448507,3
dossier_00738,OK,,,,,,,3
dossier_00739,OK,,,,,,,3
dossier_00740,OK,,,,,,,3
dossier_00741,OK,,,,,,,3
dossier_00742,OK,,,,,,,3
dossier_00743,ANOMALIE,discordance_dates,2,bon_commande,date_signature,22/03/2026,07/03/2026,3
dossier_00744,OK,,,,,,,3
dossier_00745,ANOMALIE,alteration_iban,1,facture,iban,FR9491701998018596967599955,FR1854059701636991004213328,3
dossier_00746,ANOMALIE,alteration_siret,2,bon_commande,siret_fournisseur,31312922333829,31312922343829,3
dossier_00747,OK,,,,,,,3
dossier_00748,OK,,,,,,,3
dossier_00749,OK,,,,,,,3
dossier_00750,OK,,,,,,,3
dossier_00751,ANOMALIE,alteration_montant_ttc,3,facture,montant_ttc,3320.24,3320.25,3
dossier_00752,OK,,,,,,,3
dossier_00753,OK,,,,,,,3
dossier_00754,ANOMALIE,discordance_dates,1,bon_commande,date_signature,22/03/2026,07/03/2026,3
dossier_00755,OK,,,,,,,3
dossier_00756,OK,,,,,,,3
dossier_00757,OK,,,,,,,3
dossier_00758,OK,,,,,,,3
dossier_00759,ANOMALIE,discordance_dates,3,facture,date_emission,17/03/2026,07/03/2026,3
dossier_00760,OK,,,,,,,3
dossier_00761,OK,,,,,,,3
dossier_00762,OK,,,,,,,3
dossier_00763,ANOMALIE,alteration_siret,3,bon_commande,siret_fournisseur,07874829089073,07874829087073,3
dossier_00764,ANOMALIE,alteration_iban,2,bon_commande,iban,FR1977955293261234988405152,FR1977955299261234988409152,3
dossier_00765,OK,,,,,,,3
dossier_00766,OK,,,,,,,3
dossier_00767,OK,,,,,,,3
dossier_00768,OK,,,,,,,3
dossier_00769,ANOMALIE,discordance_dates,3,facture,date_emission,17/03/2026,07/03/2026,3
dossier_00770,OK,,,,,,,3
dossier_00771,OK,,,,,,,3
dossier_00772,ANOMALIE,erreur_tva,2,facture,tva_calcul,1119.98,1007.98,3
dossier_00773,ANOMALIE,alteration_siret,3,bon_commande,siret_fournisseur,07462868305857,07462568305857,3
dossier_00774,ANOMALIE,alteration_iban,2,facture,iban,FR9767303372669970794308362,FR9767303372669900794308369,3
dossier_00775,ANOMALIE,alteration_iban,3,facture,iban,FR9815122577615727122451405,FR9835122577615727122451405,3
dossier_00776,OK,,,,,,,3
dossier_00777,OK,,,,,,,3
dossier_00778,OK,,,,,,,3
dossier_00779,OK,,,,,,,3
dossier_00780,ANOMALIE,alteration_siret,1,facture,siret_fournisseur,18023871185327,28097386527882,3
dossier_00781,OK,,,,,,,3
dossier_00782,OK,,,,,,,3
dossier_00783,OK,,,,,,,3
dossier_00784,OK,,,,,,,3
dossier_00785,ANOMALIE,alteration_montant_ttc,1,facture,montant_ttc,6652.28,7982.74,3
dossier_00786,OK,,,,,,,3
dossier_00787,OK,,,,,,,3
dossier_00788,OK,,,,,,,3
dossier_00789,OK,,,,,,,3
dossier_00790,OK,,,,,,,3
dossier_00791,ANOMALIE,discordance_dates,2,bon_commande,date_signature,22/03/2026,07/03/2026,3
dossier_00792,OK,,,,,,,3
dossier_00793,OK,,,,,,,3
dossier_00794,OK,,,,,,,3
dossier_00795,ANOMALIE,alteration_iban,3,facture,iban,FR0406197826958070076389944,FR0406197826958070079389944,3
dossier_00796,ANOMALIE,discordance_dates,2,facture,date_emission,17/03/2026,07/03/2026,3
dossier_00797,OK,,,,,,,3
dossier_00798,OK,,,,,,,3
dossier_00799,OK,,,,,,,3
dossier_00800,OK,,,,,,,3
dossier_00801,ANOMALIE,discordance_dates,1,bon_commande,date_signature,22/03/2026,07/03/2026,3
dossier_00802,ANOMALIE,erreur_tva,1,facture,tva_calcul,1166.80,583.40,3
dossier_00803,OK,,,,,,,3
dossier_00804,OK,,,,,,,3
dossier_00805,ANOMALIE,alteration_montant_ttc,3,facture,montant_ttc,586.93,586.94,3
dossier_00806,ANOMALIE,discordance_dates,1,facture,date_emission,17/03/2026,07/03/2026,3
dossier_00807,ANOMALIE,alteration_siret,2,bon_commande,siret_fournisseur,35596842036191,35596842536191,3
dossier_00808,ANOMALIE,discordance_dates,1,bon_commande,date_signature,22/03/2026,07/03/2026,3
dossier_00809,OK,,,,,,,3
dossier_00810,ANOMALIE,discordance_dates,2,facture,date_emission,17/03/2026,07/03/2026,3
dossier_00811,OK,,,,,,,3
dossier_00812,ANOMALIE,erreur_tva,3,facture,tva_calcul,147.05,147.04,3
dossier_00813,ANOMALIE,alteration_montant_ttc,3,facture,montant_ttc,3151.19,3151.20,3
dossier_00814,ANOMALIE,alteration_siret,1,facture,siret_fournisseur,05861983074721,74070410829916,3
dossier_00815,ANOMALIE,erreur_tva,3,facture,tva_calcul,1035.43,1035.42,3
dossier_00816,OK,,,,,,,3
dossier_00817,ANOMALIE,discordance_dates,1,facture,date_emission,17/03/2026,07/03/2026,3
dossier_00818,OK,,,,,,,3
dossier_00819,ANOMALIE,erreur_tva,1,facture,tva_calcul,161.77,80.89,3
dossier_00820,OK,,,,,,,3
dossier_00821,OK,,,,,,,3
dossier_00822,OK,,,,,,,3
dossier_00823,OK,,,,,,,3
dossier_00824,ANOMALIE,discordance_dates,3,bon_commande,date_signature,22/03/2026,07/03/2026,3
dossier_00825,OK,,,,,,,3
dossier_00826,OK,,,,,,,3
dossier_00827,OK,,,,,,,3
dossier_00828,ANOMALIE,alteration_siret,3,facture,siret_fournisseur,13587710575834,13587710555834,3
dossier_00829,OK,,,,,,,3
dossier_00830,OK,,,,,,,3
dossier_00831,ANOMALIE,alteration_montant_ttc,1,facture,montant_ttc,2469.29,2963.15,3
dossier_00832,OK,,,,,,,3
dossier_00833,ANOMALIE,alteration_iban,3,bon_commande,iban,FR7968576157755618588115856,FR7968576157755018588115856,3
dossier_00834,OK,,,,,,,3
dossier_00835,OK,,,,,,,3
dossier_00836,ANOMALIE,discordance_dates,1,bon_commande,date_signature,22/03/2026,07/03/2026,3
dossier_00837,ANOMALIE,alteration_montant_ttc,3,facture,montant_ttc,1233.06,1233.07,3
dossier_00838,OK,,,,,,,3
dossier_00839,ANOMALIE,erreur_tva,1,facture,tva_calcul,819.91,409.95,3
dossier_00840,OK,,,,,,,3
dossier_00841,OK,,,,,,,3
dossier_00842,OK,,,,,,,3
dossier_00843,ANOMALIE,alteration_siret,2,facture,siret_fournisseur,91541616160377,91541611160277,3
dossier_00844,OK,,,,,,,3
dossier_00845,OK,,,,,,,3
dossier_00846,ANOMALIE,discordance_dates,3,bon_commande,date_signature,22/03/2026,07/03/2026,3
dossier_00847,OK,,,,,,,3
dossier_00848,OK,,,,,,,3
dossier_00849,ANOMALIE,discordance_dates,1,bon_commande,date_signature,22/03/2026,07/03/2026,3
dossier_00850,ANOMALIE,erreur_tva,2,facture,tva_calcul,260.01,234.01,3
dossier_00851,OK,,,,,,,3
dossier_00852,OK,,,,,,,3
dossier_00853,ANOMALIE,alteration_iban,1,facture,iban,FR2246673775109846576315926,FR8793013406834205477533812,3
dossier_00854,OK,,,,,,,3
dossier_00855,ANOMALIE,alteration_iban,1,bon_commande,iban,FR7260088150625908891980617,FR7831501362815369262713582,3
dossier_00856,OK,,,,,,,3
dossier_00857,OK,,,,,,,3
dossier_00858,ANOMALIE,alteration_siret,2,bon_commande,siret_fournisseur,51269540626892,53229540626892,3
dossier_00859,OK,,,,,,,3
dossier_00860,OK,,,,,,,3
dossier_00861,OK,,,,,,,3
dossier_00862,OK,,,,,,,3
dossier_00863,ANOMALIE,alteration_siret,3,facture,siret_fournisseur,96996117425112,96996117425712,3
dossier_00864,OK,,,,,,,3
dossier_00865,ANOMALIE,alteration_montant_ttc,3,facture,montant_ttc,2084.83,2084.84,3
dossier_00866,OK,,,,,,,3
dossier_00867,ANOMALIE,erreur_tva,2,facture,tva_calcul,1058.42,952.58,3
dossier_00868,ANOMALIE,erreur_tva,2,facture,tva_calcul,1129.42,1016.48,3
dossier_00869,OK,,,,,,,3
dossier_00870,OK,,,,,,,3
dossier_00871,ANOMALIE,erreur_tva,1,facture,tva_calcul,610.00,305.00,3
dossier_00872,ANOMALIE,discordance_dates,2,facture,date_emission,17/03/2026,07/03/2026,3
dossier_00873,ANOMALIE,discordance_dates,1,facture,date_emission,17/03/2026,07/03/2026,3
dossier_00874,OK,,,,,,,3
dossier_00875,OK,,,,,,,3
dossier_00876,ANOMALIE,alteration_iban,1,facture,iban,FR6488218462692716173772514,FR4439209602121888354122734,3
dossier_00877,ANOMALIE,alteration_siret,2,bon_commande,siret_fournisseur,21352113095977,21357113095975,3
dossier_00878,ANOMALIE,erreur_tva,2,facture,tva_calcul,317.75,285.98,3
dossier_00879,ANOMALIE,discordance_dates,1,facture,date_emission,17/03/2026,07/03/2026,3
dossier_00880,OK,,,,,,,3
dossier_00881,ANOMALIE,alteration_montant_ttc,1,facture,montant_ttc,259.03,310.84,3
dossier_00882,OK,,,,,,,3
dossier_00883,OK,,,,,,,3
dossier_00884,ANOMALIE,alteration_iban,2,bon_commande,iban,FR6384416373163594124109748,FR6385416373063594124109748,3
dossier_00885,OK,,,,,,,3
dossier_00886,OK,,,,,,,3
dossier_00887,OK,,,,,,,3
dossier_00888,ANOMALIE,alteration_iban,2,facture,iban,FR0039469812117046035164451,FR0039469812117046030134451,3
dossier_00889,ANOMALIE,alteration_siret,3,facture,siret_fournisseur,54826288083009,54826688083009,3
dossier_00890,OK,,,,,,,3
dossier_00891,ANOMALIE,alteration_montant_ttc,2,facture,montant_ttc,3066.52,3127.85,3
dossier_00892,OK,,,,,,,3
dossier_00893,ANOMALIE,alteration_montant_ttc,2,facture,montant_ttc,1106.86,1129.00,3
dossier_00894,ANOMALIE,discordance_dates,1,bon_commande,date_signature,22/03/2026,07/03/2026,3
dossier_00895,OK,,,,,,,3
dossier_00896,ANOMALIE,alteration_montant_ttc,1,facture,montant_ttc,2308.75,2770.50,3
dossier_00897,OK,,,,,,,3
dossier_00898,OK,,,,,,,3
dossier_00899,OK,,,,,,,3
dossier_00900,OK,,,,,,,3
dossier_00901,ANOMALIE,discordance_dates,1,facture,date_emission,17/03/2026,07/03/2026,3
dossier_00902,ANOMALIE,erreur_tva,2,facture,tva_calcul,245.95,221.35,3
dossier_00903,OK,,,,,,,3
dossier_00904,OK,,,,,,,3
dossier_00905,OK,,,,,,,3
dossier_00906,OK,,,,,,,3
dossier_00907,ANOMALIE,alteration_iban,1,bon_commande,iban,FR2152725553395580296269329,FR1675984350112850143970132,3
dossier_00908,ANOMALIE,discordance_dates,1,facture,date_emission,17/03/2026,07/03/2026,3
dossier_00909,OK,,,,,,,3
dossier_00910,OK,,,,,,,3
dossier_00911,ANOMALIE,alteration_montant_ttc,1,facture,montant_ttc,3967.76,4761.31,3
dossier_00912,OK,,,,,,,3
dossier_00913,OK,,,,,,,3
dossier_00914,ANOMALIE,erreur_tva,2,facture,tva_calcul,489.94,440.95,3
dossier_00915,OK,,,,,,,3
dossier_00916,OK,,,,,,,3
dossier_00917,OK,,,,,,,3
dossier_00918,ANOMALIE,alteration_siret,1,bon_commande,siret_fournisseur,23547902379227,58211198600528,3
dossier_00919,OK,,,,,,,3
dossier_00920,ANOMALIE,discordance_dates,3,bon_commande,date_signature,22/03/2026,07/03/2026,3
dossier_00921,OK,,,,,,,3
dossier_00922,OK,,,,,,,3
dossier_00923,OK,,,,,,,3
dossier_00924,OK,,,,,,,3
dossier_00925,OK,,,,,,,3
dossier_00926,OK,,,,,,,3
dossier_00927,OK,,,,,,,3
dossier_00928,OK,,,,,,,3
dossier_00929,OK,,,,,,,3
dossier_00930,ANOMALIE,alteration_iban,3,facture,iban,FR7880530615709815497047213,FR7880530615729815497047213,3
dossier_00931,OK,,,,,,,3
dossier_00932,OK,,,,,,,3
dossier_00933,OK,,,,,,,3
dossier_00934,ANOMALIE,alteration_siret,1,facture,siret_fournisseur,87062791965711,18213264864711,3
dossier_00935,OK,,,,,,,3
dossier_00936,OK,,,,,,,3
dossier_00937,OK,,,,,,,3
dossier_00938,OK,,,,,,,3
dossier_00939,OK,,,,,,,3
dossier_00940,ANOMALIE,alteration_montant_ttc,1,facture,montant_ttc,2673.06,3207.67,3
dossier_00941,OK,,,,,,,3
dossier_00942,OK,,,,,,,3
dossier_00943,OK,,,,,,,3
dossier_00944,OK,,,,,,,3
dossier_00945,OK,,,,,,,3
dossier_00946,OK,,,,,,,3
dossier_00947,OK,,,,,,,3
dossier_00948,ANOMALIE,alteration_montant_ttc,1,facture,montant_ttc,5582.80,6699.36,3
dossier_00949,OK,,,,,,,3
dossier_00950,OK,,,,,,,3
dossier_00951,ANOMALIE,alteration_iban,1,bon_commande,iban,FR3350518660227946263792140,FR8072723319223972040732402,3
dossier_00952,OK,,,,,,,3
dossier_00953,ANOMALIE,alteration_iban,2,facture,iban,FR4068101160041897306010670,FR4068101860041897306010770,3
dossier_00954,OK,,,,,,,3
dossier_00955,OK,,,,,,,3
dossier_00956,OK,,,,,,,3
dossier_00957,ANOMALIE,alteration_iban,3,bon_commande,iban,FR3507796981018718440389644,FR3507796981019718440389644,3
dossier_00958,OK,,,,,,,3
dossier_00959,ANOMALIE,alteration_iban,2,facture,iban,FR6009786001195176653365028,FR6079782001195176653365028,3
dossier_00960,ANOMALIE,alteration_iban,2,facture,iban,FR2636911458701573511837896,FR2936911458601573511837896,3
dossier_00961,OK,,,,,,,3
dossier_00962,ANOMALIE,discordance_dates,1,facture,date_emission,17/03/2026,07/03/2026,3
dossier_00963,ANOMALIE,alteration_iban,2,facture,iban,FR5896073343869434161165546,FR5896073343866434161165446,3
dossier_00964,OK,,,,,,,3
dossier_00965,OK,,,,,,,3
dossier_00966,OK,,,,,,,3
dossier_00967,OK,,,,,,,3
dossier_00968,ANOMALIE,erreur_tva,1,facture,tva_calcul,959.20,479.60,3
dossier_00969,OK,,,,,,,3
dossier_00970,OK,,,,,,,3
dossier_00971,ANOMALIE,discordance_dates,2,bon_commande,date_signature,22/03/2026,07/03/2026,3
dossier_00972,OK,,,,,,,3
dossier_00973,ANOMALIE,alteration_iban,3,bon_commande,iban,FR4303836655929450316683844,FR4303836655229450316683844,3
dossier_00974,ANOMALIE,alteration_siret,3,facture,siret_fournisseur,98008782753858,91008782753858,3
dossier_00975,OK,,,,,,,3
dossier_00976,ANOMALIE,discordance_dates,3,facture,date_emission,17/03/2026,07/03/2026,3
dossier_00977,OK,,,,,,,3
dossier_00978,ANOMALIE,discordance_dates,1,facture,date_emission,17/03/2026,07/03/2026,3
dossier_00979,ANOMALIE,alteration_iban,3,bon_commande,iban,FR0470222725046044895685579,FR0470222765046044895685579,3
dossier_00980,OK,,,,,,,3
dossier_00981,OK,,,,,,,3
dossier_00982,OK,,,,,,,3
dossier_00983,OK,,,,,,,3
dossier_00984,ANOMALIE,alteration_siret,1,facture,siret_fournisseur,53885954059093,14797961908386,3
dossier_00985,OK,,,,,,,3
dossier_00986,OK,,,,,,,3
dossier_00987,OK,,,,,,,3
dossier_00988,OK,,,,,,,3
dossier_00989,OK,,,,,,,3
dossier_00990,ANOMALIE,discordance_dates,3,bon_commande,date_signature,22/03/2026,07/03/2026,3
dossier_00991,OK,,,,,,,3
dossier_00992,ANOMALIE,erreur_tva,2,facture,tva_calcul,705.04,634.54,3
dossier_00993,OK,,,,,,,3
dossier_00994,OK,,,,,,,3
dossier_00995,OK,,,,,,,3
dossier_00996,OK,,,,,,,3
dossier_00997,OK,,,,,,,3
dossier_00998,ANOMALIE,discordance_dates,1,bon_commande,date_signature,22/03/2026,07/03/2026,3
dossier_00999,OK,,,,,,,3
dossier_01000,OK,,,,,,,3
